enrollee_id,city_development_index,experience,training_hours,target,Anomaly,Anomaly_Score
33241,0.789,0.0,52.0,1.0,1,0.027153857252466218
402,0.762,13.0,18.0,1.0,1,0.022288724556851935
17139,0.624,14.0,148.0,1.0,1,0.012722493494146336
4476,0.558,15.0,20.0,1.0,1,0.01981220667552064
4830,0.698,2.0,228.0,1.0,1,0.048011683010980244
29117,0.55,0.0,0.0,0.0,1,0.011054206755030105
32401,0.92,6.0,332.0,0.0,1,0.011803615025011593
27963,0.949,4.0,160.0,1.0,1,0.01831416964509691
32776,0.666,20.0,290.0,0.0,1,0.0865980994134472
1261,0.0,12.0,100.0,1.0,1,0.006298775757313635
13333,0.939,20.0,326.0,0.0,1,0.024745000689751162
4064,0.92,18.0,198.0,1.0,1,0.0511950596829539
3024,0.949,20.0,246.0,0.0,1,0.025324084246945433
7672,0.624,0.0,202.0,1.0,1,0.04278126040976504
5278,0.624,3.0,218.0,0.0,1,0.01980570765033418
16994,0.762,3.0,262.0,0.0,1,0.017935884750505338
20732,0.666,20.0,23.0,1.0,1,0.003387584374948016
30854,0.516,9.0,11.0,0.0,1,0.005150020290058177
12117,0.579,4.0,320.0,0.0,1,0.04768780588512367
13788,0.865,3.0,302.0,0.0,1,0.003532940379957328
2990,0.878,20.0,32.0,1.0,1,0.007995688588000593
10481,0.804,0.0,214.0,0.0,1,0.020217563914571746
26388,0.897,5.0,288.0,1.0,1,0.05469163231769547
21466,0.624,8.0,198.0,1.0,1,0.010373439414595675
4626,0.624,2.0,306.0,0.0,1,0.0542585783395485
15796,0.884,3.0,322.0,1.0,1,0.052898676811309664
33367,0.92,20.0,220.0,1.0,1,0.05120558588520574
19555,0.802,8.0,314.0,0.0,1,0.020485468438747767
23365,0.558,0.0,146.0,1.0,1,0.02110220263398188
8489,0.55,15.0,15.0,1.0,1,0.008854641306579869
32260,0.579,2.0,9.0,0.0,1,0.0008596342656389533
19702,0.754,4.0,280.0,1.0,1,0.051127999768693866
27275,0.624,20.0,43.0,1.0,1,0.0022090137548962385
33181,0.855,20.0,234.0,0.0,1,0.01996745869685901
4498,0.766,20.0,28.0,1.0,1,0.019157246092469382
5205,0.767,20.0,28.0,1.0,1,0.01423614002997664
32947,0.516,4.0,15.0,1.0,1,0.02425194256795693
79,0.887,20.0,42.0,1.0,1,0.012818623921197925
33254,0.92,20.0,120.0,1.0,1,0.016285864505977243
24937,0.624,4.0,198.0,1.0,1,0.006311225507233065
21442,0.624,11.0,206.0,1.0,1,0.03044012328531831
6502,0.804,5.0,326.0,0.0,1,0.014810515763604593
14523,0.555,11.0,124.0,1.0,1,0.0028508612989555093
3708,0.92,14.0,290.0,0.0,1,0.0131719169516612
7951,0.804,10.0,292.0,0.0,1,0.009482903153529731
11292,0.92,20.0,156.0,1.0,1,0.019112866048158872
32720,0.555,20.0,135.0,1.0,1,0.07549471270978281
9337,0.479,5.0,4.0,0.0,1,0.014304575850279888
3223,0.527,20.0,94.0,0.0,1,0.02190322445042936
10669,0.897,0.0,18.0,1.0,1,0.001957950355118143
19560,0.698,3.0,326.0,1.0,1,0.05864228481013378
2015,0.0,17.0,48.0,1.0,1,0.01042598315651233
10209,0.527,9.0,145.0,0.0,1,0.0001392674706598429
31368,0.92,10.0,314.0,0.0,1,0.01659397730282064
13273,0.92,0.0,196.0,1.0,1,0.044127389059911426
1973,0.479,4.0,22.0,0.0,1,0.019262546188379304
32820,0.479,9.0,99.0,1.0,1,0.03460541766906122
28531,0.479,1.0,23.0,1.0,1,0.013585207381488495
21667,0.897,5.0,256.0,1.0,1,0.03228896420842342
19605,0.479,1.0,110.0,1.0,1,0.009283898807119106
889,0.843,17.0,70.0,1.0,1,0.012114261644323165
13649,0.55,4.0,156.0,1.0,1,0.00839048816085819
31628,0.92,0.0,125.0,1.0,1,0.03743639794097309
21691,0.624,3.0,242.0,0.0,1,0.010833589706380042
7726,0.624,3.0,202.0,1.0,1,0.010602224939877614
26582,0.527,2.0,9.0,0.0,1,0.003103801670252704
6511,0.624,5.0,304.0,1.0,1,0.0552709287519384
33245,0.555,2.0,0.0,1.0,1,0.012837994385382911
6838,0.0,7.0,284.0,0.0,1,0.0020193942448148983
867,0.527,4.0,56.0,1.0,1,0.005741263537076047
10653,0.624,3.0,332.0,0.0,1,0.029512719868970527
32945,0.926,0.0,26.0,1.0,1,0.014566152750078665
32990,0.624,3.0,132.0,1.0,1,0.002345700087250102
19544,0.624,3.0,258.0,1.0,1,0.033174205189067996
32348,0.527,4.0,48.0,0.0,1,0.012316000738049504
28992,0.624,5.0,330.0,0.0,1,0.04893057875311091
382,0.624,20.0,0.0,0.0,1,0.01322380113119248
2075,0.91,1.0,11.0,1.0,1,0.005390501723072871
3205,0.74,2.0,141.0,1.0,1,0.0229527050548346
10501,0.624,1.0,167.0,1.0,1,0.009747937480142355
24034,0.624,7.0,216.0,1.0,1,0.0305243173224089
8238,0.448,10.0,48.0,1.0,1,0.001290113564826889
8270,0.89,4.0,326.0,1.0,1,0.056412340228492286
2602,0.624,10.0,222.0,0.0,1,0.029742770856387657
33081,0.624,16.0,105.0,0.0,1,0.0062735011150863995
31171,0.558,1.0,5.0,0.0,1,0.02411057856668719
24874,0.624,3.0,210.0,0.0,1,0.010374455737203525
32502,0.91,12.0,312.0,0.0,1,0.01885679199909085
29705,0.624,0.0,200.0,1.0,1,0.05187824318935996
5311,0.887,20.0,12.0,1.0,1,0.00023813997085087024
19711,0.855,20.0,138.0,1.0,1,0.021085355760471547
898,0.949,15.0,32.0,1.0,1,0.004274147872645018
29611,0.624,16.0,134.0,1.0,1,0.01587473813439899
25317,0.527,6.0,198.0,1.0,1,0.05028081186924205
861,0.92,14.0,262.0,0.0,1,0.0036972034346076654
26170,0.0,2.0,222.0,1.0,1,0.0506287932021009
13713,0.91,1.0,328.0,0.0,1,0.025054721809967484
29130,0.92,20.0,161.0,1.0,1,0.024359910201249946
7580,0.789,8.0,212.0,1.0,1,0.03148145957042703
18654,0.579,3.0,218.0,0.0,1,0.013027145770272752
1912,0.0,1.0,162.0,1.0,1,0.050899962422997325
32562,0.479,18.0,61.0,1.0,1,0.06350418736877972
4277,0.884,20.0,6.0,1.0,1,0.013469298638267957
13577,0.55,16.0,18.0,1.0,1,0.0032842592226888234
24915,0.624,6.0,232.0,1.0,1,0.0326967072241553
29698,0.624,3.0,280.0,1.0,1,0.06464085513214979
6410,0.92,3.0,336.0,0.0,1,0.005114579936929209
13541,0.666,20.0,64.0,1.0,1,0.00043555110562920607
23754,0.624,0.0,308.0,1.0,1,0.07852469986944977
4853,0.766,4.0,168.0,1.0,1,0.021553416063103126
964,0.762,19.0,64.0,1.0,1,0.022856002724289004
2078,0.887,15.0,107.0,1.0,1,0.010017859446160626
12615,0.55,5.0,228.0,1.0,1,0.05206325423574243
24351,0.624,5.0,298.0,1.0,1,0.04902495463211487
32811,0.527,4.0,104.0,0.0,1,0.030229701955171273
29249,0.624,2.0,214.0,0.0,1,0.037430268738546824
19581,0.624,6.0,242.0,0.0,1,0.0034579570470455456
26177,0.802,20.0,316.0,0.0,1,0.03963010019802682
5952,0.624,20.0,54.0,1.0,1,0.00940268169875258
18993,0.0,5.0,316.0,1.0,1,0.049567179718892795
4747,0.802,20.0,75.0,1.0,1,0.00920841560660901
25820,0.92,19.0,145.0,1.0,1,0.0025166371575143787
23841,0.84,20.0,210.0,1.0,1,0.0557629481349311
13231,0.727,9.0,254.0,0.0,1,0.006111394024491679
17778,0.579,0.0,160.0,1.0,1,0.02275529890253003
33130,0.92,20.0,258.0,0.0,1,0.006446055999175693
5565,0.624,17.0,168.0,1.0,1,0.05544692345783364
19759,0.624,1.0,174.0,1.0,1,0.0007454905491004471
294,0.92,19.0,212.0,0.0,1,0.00407376097914125
446,0.579,1.0,102.0,1.0,1,0.018270091643013853
31322,0.939,19.0,332.0,0.0,1,0.04850091871649598
29837,0.558,5.0,248.0,0.0,1,0.048022345121029986
31119,0.899,3.0,155.0,1.0,1,0.02041244287510302
29309,0.55,2.0,6.0,0.0,1,0.0011909180811753295
754,0.55,2.0,33.0,1.0,1,0.003277623513930461
1562,0.624,17.0,23.0,1.0,1,0.025743011366077706
17219,0.624,1.0,260.0,1.0,1,0.04897865825589842
6863,0.897,3.0,320.0,0.0,1,0.00557042605151048
1384,0.923,3.0,236.0,0.0,1,0.005603202478500324
30238,0.92,20.0,226.0,1.0,1,0.04704101121137616
22448,0.516,13.0,36.0,1.0,1,0.0075135248250599584
1984,0.55,6.0,11.0,1.0,1,0.0038443619682508867
3247,0.887,19.0,104.0,1.0,1,0.02340316400248188
1223,0.92,20.0,134.0,1.0,1,0.028246466107443302
30487,0.55,0.0,50.0,1.0,1,0.005231405296142633
2909,0.666,7.0,280.0,0.0,1,0.0523633156477783
32262,0.766,3.0,210.0,1.0,1,0.06117275924618737
20368,0.624,2.0,316.0,0.0,1,0.05067490608668146
6896,0.624,18.0,88.0,1.0,1,0.018184056768596135
5682,0.926,20.0,328.0,0.0,1,0.02174364793842587
5494,0.0,20.0,59.0,1.0,1,0.003160673517148993
3288,0.788,5.0,222.0,0.0,1,0.004039270903074765
638,0.804,1.0,52.0,1.0,1,0.01274071006837496
25976,0.624,5.0,246.0,1.0,1,0.0341512141013669
30412,0.924,3.0,264.0,0.0,1,0.004664913543055316
30832,0.689,1.0,116.0,1.0,1,0.0041782958629899
10452,0.0,9.0,308.0,0.0,1,0.0010857213795333331
30356,0.762,17.0,17.0,1.0,1,0.00042418456427861795
10634,0.923,20.0,166.0,1.0,1,0.02427420621746257
262,0.624,8.0,328.0,0.0,1,0.06964202292391075
24574,0.74,0.0,312.0,0.0,1,0.07176084905749236
5316,0.698,3.0,202.0,0.0,1,0.0018304443118019043
28678,0.74,4.0,292.0,0.0,1,0.03786498298408136
451,0.767,10.0,308.0,0.0,1,0.0543588552280142
20915,0.624,2.0,302.0,0.0,1,0.049513589566568705
24733,0.827,16.0,298.0,0.0,1,0.019222618458871743
21329,0.804,20.0,242.0,0.0,1,0.0027056359936209473
4570,0.55,2.0,10.0,0.0,1,0.005365125878514454
2601,0.91,20.0,152.0,1.0,1,0.04090470123480938
6029,0.0,20.0,170.0,1.0,1,0.05606898823071238
5201,0.804,20.0,89.0,1.0,1,0.02098294490362773
8675,0.924,16.0,332.0,1.0,1,0.055672554419039955
4022,0.92,11.0,314.0,0.0,1,0.010488577520397113
31256,0.666,19.0,334.0,0.0,1,0.08465826454522729
29273,0.91,8.0,188.0,1.0,1,0.01624434307311251
24537,0.926,14.0,334.0,0.0,1,0.006204569863580867
8697,0.856,15.0,332.0,0.0,1,0.0062880783744361235
14146,0.743,2.0,198.0,1.0,1,0.02197442207790823
28682,0.92,6.0,224.0,1.0,1,0.031241410622153798
13310,0.624,5.0,264.0,0.0,1,0.013127441370779591
7625,0.624,20.0,22.0,1.0,1,0.0017720658519876364
12637,0.92,0.0,151.0,1.0,1,0.024021017336796735
31443,0.512,15.0,75.0,0.0,1,0.021199472893680293
7662,0.92,2.0,224.0,1.0,1,0.03765058479282202
18714,0.895,20.0,300.0,0.0,1,0.0028905136374628437
3958,0.624,10.0,166.0,1.0,1,0.027870515260309592
4553,0.92,0.0,15.0,1.0,1,0.00900430453794232
30610,0.698,5.0,238.0,0.0,1,0.017027435406509528
1920,0.527,10.0,38.0,1.0,1,0.011469397222064637
32528,0.527,3.0,34.0,0.0,1,0.01316154932630842
22735,0.479,20.0,44.0,0.0,1,0.0056985441150188
16778,0.624,1.0,218.0,0.0,1,0.029236892881917997
24354,0.624,19.0,58.0,1.0,1,0.0002524584955935216
668,0.55,2.0,41.0,0.0,1,0.00981213861390906
26641,0.92,17.0,192.0,1.0,1,0.014012391159618054
32781,0.558,2.0,100.0,0.0,1,0.015631306177322224
24032,0.624,19.0,50.0,1.0,1,0.00027353810388131006
11203,0.91,1.0,298.0,0.0,1,0.019173018734875424
5499,0.926,8.0,316.0,0.0,1,0.0006493387688339958
26396,0.624,10.0,290.0,1.0,1,0.0665733045447342
21990,0.479,1.0,14.0,1.0,1,0.009222546013694877
29932,0.92,17.0,304.0,0.0,1,0.007899382626534224
315,0.92,16.0,276.0,0.0,1,0.01217330461071886
32076,0.55,11.0,0.0,1.0,1,0.0038681137732781146
22387,0.698,12.0,184.0,1.0,1,0.022586073726917233
23504,0.794,4.0,288.0,0.0,1,0.019070371436961997
562,0.92,16.0,300.0,0.0,1,0.01996663262651932
28186,0.579,6.0,200.0,1.0,1,0.03001950435640488
5262,0.624,7.0,192.0,1.0,1,0.0217396062271491
13989,0.579,5.0,268.0,1.0,1,0.05959988520865844
26239,0.92,20.0,202.0,1.0,1,0.023349247978480037
9538,0.92,19.0,320.0,0.0,1,0.0025233679262476327
10376,0.479,2.0,4.0,0.0,1,0.014082911209666094
3044,0.897,20.0,10.0,1.0,1,0.010535431377369231
30127,0.91,15.0,326.0,0.0,1,0.010161842692793854
21314,0.579,0.0,145.0,1.0,1,0.010963300850354685
8945,0.766,6.0,282.0,1.0,1,0.06122894532632295
17618,0.698,20.0,124.0,1.0,1,0.024209778807563365
17752,0.92,20.0,210.0,1.0,1,0.028425440115265155
6121,0.866,20.0,116.0,1.0,1,0.02641446296960226
6811,0.0,0.0,0.0,1.0,1,0.00689361204216532
23266,0.887,20.0,121.0,1.0,1,0.00832429275190505
31933,0.689,7.0,300.0,0.0,1,0.06409175185625238
31390,0.92,10.0,266.0,0.0,1,0.0027841454269311727
31657,0.527,4.0,40.0,1.0,1,0.0017307740292016316
22548,0.903,16.0,174.0,1.0,1,0.015337755655887464
5679,0.92,11.0,248.0,1.0,1,0.0414087707780485
14212,0.91,2.0,312.0,0.0,1,0.0020086155836768205
14602,0.624,0.0,156.0,1.0,1,0.007572639691926231
20265,0.896,0.0,9.0,1.0,1,0.009403580881755635
22416,0.624,20.0,6.0,1.0,1,0.022206996801337864
5602,0.624,4.0,258.0,0.0,1,0.025761359408647655
24019,0.92,20.0,216.0,1.0,1,0.029763009788150385
32428,0.624,20.0,16.0,1.0,1,0.034750022864571295
19910,0.754,7.0,290.0,1.0,1,0.05640829551142823
33282,0.624,7.0,272.0,1.0,1,0.0807050973366118
19409,0.624,14.0,154.0,1.0,1,0.018961416578409884
584,0.727,8.0,168.0,1.0,1,0.042418950013911716
3257,0.91,20.0,88.0,1.0,1,0.0018298433896157817
1306,0.754,20.0,68.0,1.0,1,0.024119411483929376
30985,0.448,2.0,43.0,1.0,1,0.021983887173891437
4864,0.827,20.0,52.0,1.0,1,0.005692819834074991
32851,0.887,20.0,83.0,1.0,1,0.011641022951816016
7271,0.727,7.0,300.0,0.0,1,0.024245432569778513
10942,0.493,0.0,92.0,1.0,1,0.022101277742932468
28975,0.92,12.0,336.0,0.0,1,0.005936425515530752
391,0.92,6.0,194.0,1.0,1,0.04113562789665881
33370,0.926,6.0,264.0,0.0,1,0.008708482687797892
748,0.92,20.0,218.0,0.0,1,0.0032662092819324418
2890,0.897,11.0,308.0,0.0,1,0.01985560773472983
9553,0.624,8.0,220.0,1.0,1,0.0287820061450077
1755,0.939,20.0,32.0,1.0,1,0.002213188305315694
23495,0.55,16.0,12.0,1.0,1,0.0062015523319094434
1340,0.92,20.0,218.0,0.0,1,0.0005754687846251105
32671,0.555,2.0,42.0,0.0,1,0.002474590301941526
32730,0.624,0.0,122.0,1.0,1,0.025663520725224154
27313,0.91,20.0,280.0,1.0,1,0.06520920001924746
4485,0.624,0.0,166.0,1.0,1,0.03826844477648739
1815,0.848,18.0,17.0,1.0,1,0.01562657905213627
27970,0.448,1.0,73.0,1.0,1,0.010793545817848638
12383,0.698,13.0,278.0,0.0,1,0.03719209261155776
1664,0.624,5.0,141.0,1.0,1,0.001967078659725563
20446,0.624,4.0,244.0,1.0,1,0.02626666470770278
33297,0.479,20.0,19.0,1.0,1,0.07423580371265803
30230,0.92,20.0,258.0,1.0,1,0.05801491860325225
33168,0.624,0.0,0.0,1.0,1,0.0011185522925752922
7556,0.776,5.0,330.0,0.0,1,0.01781168474265238
1448,0.776,17.0,13.0,1.0,1,0.027308851863254935
33278,0.624,6.0,236.0,0.0,1,0.04873792381036035
13522,0.624,20.0,78.0,1.0,1,0.001334504064195885
5959,0.624,6.0,172.0,1.0,1,0.008830201115309522
31134,0.91,20.0,278.0,0.0,1,0.00946106108729372
8094,0.624,0.0,214.0,1.0,1,0.055742097288120185
32500,0.0,18.0,80.0,1.0,1,0.020646883068971222
30931,0.624,8.0,192.0,1.0,1,0.02948422820342078
25080,0.91,20.0,320.0,0.0,1,0.0008217661519319686
31194,0.448,5.0,86.0,1.0,1,0.026347168626663642
436,0.55,4.0,4.0,0.0,1,0.01801899311466648
24242,0.91,2.0,266.0,0.0,1,0.00035902778994645335
26194,0.745,20.0,256.0,0.0,1,0.030645307321263027
30368,0.527,5.0,3.0,0.0,1,0.014172877673061302
4643,0.624,0.0,150.0,1.0,1,0.02557760808117915
2363,0.939,20.0,302.0,1.0,1,0.09626141014632872
14486,0.624,5.0,294.0,0.0,1,0.024540908732278433
30806,0.55,7.0,310.0,0.0,1,0.08637227136331571
28442,0.92,20.0,157.0,1.0,1,0.019789348409343432
14461,0.556,1.0,290.0,1.0,1,0.08270524447330785
9355,0.897,11.0,156.0,1.0,1,0.0016375279021162426
25044,0.624,0.0,166.0,0.0,1,0.010106050976090075
19262,0.0,4.0,178.0,1.0,1,0.0076260378989279065
12720,0.91,20.0,200.0,1.0,1,0.033871014017128775
25032,0.856,12.0,214.0,1.0,1,0.034810101536088434
24640,0.754,4.0,328.0,0.0,1,0.03791778931424483
15053,0.92,20.0,334.0,0.0,1,0.0030197749167309995
10122,0.767,3.0,168.0,1.0,1,0.012422689067442705
32999,0.624,3.0,328.0,1.0,1,0.08710418157194333
26889,0.924,0.0,244.0,0.0,1,0.014138506693523456
598,0.448,6.0,18.0,1.0,1,0.03735585085112558
11428,0.878,15.0,322.0,0.0,1,0.007543920633698464
2711,0.866,8.0,288.0,0.0,1,0.01710298923360465
2202,0.698,14.0,29.0,1.0,1,0.01330880010825397
10751,0.722,8.0,324.0,0.0,1,0.034683019781938884
32884,0.682,0.0,21.0,1.0,1,0.011488787116466392
659,0.92,20.0,178.0,1.0,1,0.050845207200224785
32939,0.555,6.0,85.0,0.0,1,0.005664765842268715
943,0.698,20.0,83.0,1.0,1,0.047056981911389295
20054,0.624,12.0,306.0,0.0,1,0.050720523549644736
6417,0.939,9.0,192.0,1.0,1,0.029380282938405222
17811,0.666,14.0,258.0,1.0,1,0.059556576567475816
32242,0.92,1.0,128.0,1.0,1,0.028362824880339366
1987,0.55,17.0,22.0,0.0,1,0.0095305540196442
19415,0.479,20.0,79.0,1.0,1,0.045139772692795566
31117,0.92,20.0,268.0,0.0,1,0.006636694982045999
11731,0.579,2.0,178.0,1.0,1,0.017781838327482147
7648,0.92,12.0,222.0,1.0,1,0.0291461665368159
12431,0.754,0.0,19.0,1.0,1,0.003933320498983428
27431,0.527,0.0,57.0,1.0,1,0.004184969739083111
22743,0.518,0.0,14.0,1.0,1,0.008224571655013113
11192,0.55,15.0,165.0,1.0,1,0.04296938417212448
1819,0.624,20.0,26.0,1.0,1,0.03702797605606123
23827,0.624,8.0,222.0,1.0,1,0.033438860098117806
28124,0.624,20.0,14.0,1.0,1,0.01756175091231782
25631,0.527,2.0,232.0,0.0,1,0.06648247853058531
11750,0.55,17.0,13.0,1.0,1,0.020407651019860196
1278,0.92,11.0,306.0,1.0,1,0.07452161714787564
22466,0.802,7.0,334.0,0.0,1,0.01835020525959674
422,0.698,20.0,18.0,0.0,1,0.002386379419221263
29573,0.895,1.0,13.0,1.0,1,0.00321600172255998
33018,0.764,2.0,131.0,0.0,1,0.0008357869659426642
22411,0.624,0.0,190.0,1.0,1,0.029901560960747253
26409,0.579,3.0,244.0,1.0,1,0.05174424316045545
2143,0.624,15.0,77.0,1.0,1,0.011915966645516196
1820,0.558,13.0,142.0,0.0,1,0.038091405451090576
28771,0.924,1.0,144.0,1.0,1,0.02381292969110327
13923,0.897,16.0,166.0,1.0,1,0.00870193704929989
32080,0.55,2.0,0.0,0.0,1,0.004898964707026554
3417,0.624,19.0,45.0,1.0,1,0.017448121482337542
32554,0.92,2.0,336.0,0.0,1,0.034478431196221515
29471,0.624,19.0,13.0,1.0,1,0.022251424640862383
17784,0.558,6.0,204.0,0.0,1,0.01505871450640528
2874,0.827,18.0,49.0,1.0,1,0.011589514970070214
5287,0.518,8.0,6.0,1.0,1,0.013399807990947421
7326,0.939,20.0,8.0,1.0,1,0.0012292008015487577
4537,0.624,4.0,250.0,1.0,1,0.04486573921118575
33154,0.624,3.0,148.0,1.0,1,0.018227928608245958
1475,0.624,6.0,184.0,0.0,1,0.016448964805611754
5948,0.579,20.0,214.0,0.0,1,0.05088847627718285
5305,0.855,14.0,104.0,1.0,1,0.002225121204392888
2105,0.624,13.0,101.0,1.0,1,0.01883717846864441
23916,0.949,10.0,268.0,1.0,1,0.05878209641570886
4382,0.624,5.0,180.0,1.0,1,0.02019364546518465
24932,0.903,0.0,112.0,1.0,1,0.014634611956361843
31227,0.624,4.0,298.0,1.0,1,0.06907196476110977
15740,0.624,3.0,332.0,1.0,1,0.05440137251144839
31792,0.92,20.0,206.0,1.0,1,0.04903317680305097
22965,0.487,19.0,52.0,1.0,1,0.04079755394675555
2,0.92,15.0,128.0,1.0,1,0.025889022869438283
13243,0.754,4.0,298.0,0.0,1,0.022889027291573272
8527,0.558,1.0,198.0,0.0,1,0.04352414067826382
10755,0.55,18.0,268.0,1.0,1,0.09977457811241663
32173,0.624,2.0,140.0,1.0,1,0.005079741314435893
5143,0.727,17.0,124.0,1.0,1,0.029719454315538574
33156,0.92,1.0,22.0,1.0,1,0.0011233798554513008
18319,0.0,0.0,13.0,1.0,1,0.00811425349406969
28615,0.802,20.0,145.0,1.0,1,0.04067756561535474
15058,0.55,3.0,322.0,0.0,1,0.06853601193493775
538,0.698,20.0,45.0,1.0,1,0.032173237938039834
9065,0.624,1.0,188.0,1.0,1,0.018995253924402822
17262,0.91,1.0,300.0,0.0,1,0.017897004720239473
13841,0.923,10.0,196.0,1.0,1,0.012881045265170199
10910,0.91,19.0,320.0,0.0,1,0.00482059570647797
381,0.555,6.0,92.0,0.0,1,0.014004223230197677
16930,0.926,19.0,294.0,0.0,1,0.0002163742796693624
33222,0.624,0.0,35.0,0.0,1,0.0059374532423329685
8306,0.74,0.0,22.0,1.0,1,0.013524854641700168
23658,0.789,0.0,107.0,1.0,1,0.00035444994208966296
15464,0.682,1.0,284.0,1.0,1,0.06643177788301557
745,0.91,19.0,306.0,1.0,1,0.09670521322984482
134,0.624,4.0,174.0,1.0,1,0.03222429474110844
8345,0.766,3.0,157.0,1.0,1,0.0051794928522176376
10041,0.92,0.0,336.0,1.0,1,0.0767971028464054
565,0.92,19.0,100.0,1.0,1,0.014643455198776412
31105,0.624,2.0,222.0,1.0,1,0.06255579669610833
30804,0.924,20.0,258.0,1.0,1,0.06287103355905821
28698,0.624,2.0,182.0,1.0,1,0.01827423341792933
25815,0.0,12.0,146.0,1.0,1,2.4652502361388606e-05
32640,0.624,2.0,168.0,1.0,1,0.0379393547550424
28863,0.92,20.0,326.0,0.0,1,0.008592592963426404
31462,0.924,8.0,270.0,0.0,1,0.003230642844285536
868,0.923,14.0,330.0,0.0,1,0.031104611569707674
28003,0.767,3.0,222.0,0.0,1,0.0051229049234554624
6914,0.527,0.0,12.0,1.0,1,0.02281585568869826
30089,0.479,20.0,26.0,1.0,1,0.060979232173710596
5737,0.856,20.0,35.0,1.0,1,0.00015181224916560598
15687,0.804,13.0,330.0,0.0,1,0.021953630297257276
9179,0.493,2.0,23.0,0.0,1,0.0009797254275354383
15248,0.624,5.0,264.0,1.0,1,0.03735726460790312
32,0.92,20.0,180.0,1.0,1,0.057365253869618216
1508,0.92,3.0,214.0,1.0,1,0.049977846312686536
5469,0.92,11.0,290.0,0.0,1,0.0007383022421565411
11030,0.923,17.0,200.0,1.0,1,0.03199359711394234
29605,0.794,0.0,12.0,1.0,1,0.018792370808922265
385,0.624,5.0,156.0,1.0,1,0.018286385419357898
2778,0.624,0.0,214.0,1.0,1,0.059128986210159495
32494,0.92,6.0,166.0,1.0,1,0.008212532893778324
30094,0.493,5.0,18.0,0.0,1,0.011056352445539708
17895,0.624,0.0,204.0,1.0,1,0.0220277041393101
31179,0.448,7.0,28.0,0.0,1,0.015468833597575893
13074,0.698,20.0,24.0,1.0,1,0.0011110639427590607
28823,0.925,13.0,292.0,1.0,1,0.05276509906662419
21229,0.843,0.0,23.0,1.0,1,0.003966313655254017
5876,0.624,0.0,256.0,0.0,1,0.024261355527312012
32218,0.479,20.0,222.0,0.0,1,0.09075299974948636
23118,0.527,0.0,2.0,1.0,1,0.009851319035672268
32588,0.624,10.0,216.0,1.0,1,0.06485218085173428
5223,0.558,7.0,136.0,0.0,1,0.0016896275053541743
12544,0.624,4.0,212.0,1.0,1,0.025070205476435015
29555,0.666,16.0,118.0,1.0,1,0.007071979839421094
473,0.794,2.0,178.0,0.0,1,0.012545180768360642
2831,0.92,8.0,304.0,1.0,1,0.06547917737719067
6229,0.926,1.0,139.0,1.0,1,0.022367985757998032
13376,0.555,19.0,57.0,1.0,1,0.014556276744375096
1128,0.887,20.0,12.0,1.0,1,0.023047796611883387
32702,0.624,0.0,200.0,0.0,1,0.06774554792371379
1353,0.92,4.0,150.0,1.0,1,0.007909722379182083
13120,0.55,3.0,210.0,1.0,1,0.05257691896023953
28052,0.742,3.0,238.0,0.0,1,0.0150428279203495
30754,0.666,4.0,312.0,0.0,1,0.06092747866793524
26678,0.766,12.0,264.0,0.0,1,0.01978866050953476
6843,0.624,10.0,149.0,1.0,1,0.0009615646222606022
649,0.624,4.0,236.0,0.0,1,0.05144618594727546
12010,0.666,18.0,18.0,1.0,1,0.007563290911997478
24276,0.624,6.0,216.0,1.0,1,0.029324288084979222
23159,0.55,8.0,150.0,1.0,1,0.002106079488552126
19472,0.698,20.0,95.0,1.0,1,0.012512707339109475
32782,0.624,17.0,26.0,1.0,1,0.019853235691234206
10084,0.895,20.0,156.0,1.0,1,0.0303887379722505
4175,0.92,5.0,164.0,1.0,1,0.010237968462564861
10745,0.939,9.0,160.0,1.0,1,0.009430677040031754
5760,0.624,5.0,220.0,0.0,1,0.01611333601731224
489,0.698,20.0,5.0,0.0,1,0.012620215646849564
6490,0.624,1.0,176.0,1.0,1,0.02180913752108682
31761,0.579,6.0,145.0,0.0,1,0.003265930689530294
28400,0.91,6.0,166.0,1.0,1,0.0016412620781603993
31027,0.0,19.0,19.0,1.0,1,0.006556114854519346
33317,0.913,2.0,258.0,0.0,1,0.018417117425698848
5293,0.682,6.0,151.0,1.0,1,0.0002635887236850376
32864,0.91,1.0,90.0,1.0,1,0.019581883344532702
30591,0.92,20.0,152.0,1.0,1,0.023325468368912916
21741,0.896,18.0,322.0,0.0,1,0.02219030910918318
13192,0.64,0.0,165.0,1.0,1,0.023009197340114418
16590,0.624,3.0,290.0,1.0,1,0.05274277290752982
15401,0.92,6.0,204.0,1.0,1,0.011746529799119387
10135,0.92,20.0,314.0,1.0,1,0.060591524960536436
27426,0.92,3.0,184.0,1.0,1,0.0020602138810578152
15610,0.698,4.0,272.0,0.0,1,0.025957851444276425
17678,0.92,20.0,198.0,1.0,1,0.02419282825058444
19870,0.55,3.0,268.0,1.0,1,0.06525568306109408
22386,0.624,18.0,72.0,1.0,1,0.00016797821643010913
16006,0.698,9.0,250.0,0.0,1,0.003277993567604498
32754,0.624,5.0,160.0,1.0,1,0.018260077270438213
5423,0.804,20.0,0.0,1.0,1,0.007570445003003634
4858,0.448,2.0,23.0,1.0,1,0.01708829815752988
28720,0.92,2.0,332.0,0.0,1,0.016325821602306
32185,0.624,5.0,168.0,1.0,1,0.016714026129885484
32849,0.479,10.0,35.0,1.0,1,0.03205011189781004
30762,0.624,1.0,182.0,1.0,1,0.04100136739716598
33287,0.624,0.0,64.0,1.0,1,0.0015200170304606742
2193,0.624,17.0,78.0,1.0,1,0.02300135254117941
17815,0.91,20.0,163.0,1.0,1,0.023715163180355825
5848,0.804,0.0,248.0,1.0,1,0.07858016059610407
6565,0.624,20.0,56.0,1.0,1,0.006966027651285733
24151,0.527,20.0,64.0,1.0,1,0.03343874332475505
25184,0.836,0.0,31.0,1.0,1,0.0013192141023019577
17382,0.558,4.0,202.0,1.0,1,0.029376889756996483
13351,0.624,11.0,226.0,0.0,1,0.014050168495178927
1619,0.92,1.0,12.0,1.0,1,0.004013136955995922
29834,0.624,7.0,204.0,1.0,1,0.028549437348645346
1561,0.0,20.0,79.0,1.0,1,0.02120755262642471
2032,0.55,7.0,117.0,1.0,1,0.013421837631380162
18392,0.558,0.0,304.0,1.0,1,0.08573157853315205
25887,0.698,6.0,254.0,0.0,1,0.010317361977682293
6761,0.579,16.0,168.0,1.0,1,0.054315160091916725
30225,0.91,20.0,167.0,1.0,1,0.04134018185770927
32738,0.624,0.0,114.0,0.0,1,0.018433754017399218
2037,0.689,6.0,166.0,1.0,1,0.01863893773176739
1785,0.624,20.0,0.0,1.0,1,0.03057097493880845
8611,0.92,20.0,188.0,1.0,1,0.02384593914274702
574,0.92,9.0,198.0,1.0,1,0.04070371016991037
2447,0.804,2.0,2.0,1.0,1,0.01054985411232423
31346,0.92,20.0,214.0,1.0,1,0.04663407146832532
28184,0.624,0.0,284.0,1.0,1,0.08934698573756505
26403,0.55,16.0,0.0,1.0,1,0.0015049785201448618
736,0.899,20.0,7.0,1.0,1,0.02379427149584068
200,0.92,20.0,11.0,1.0,1,0.00511255415593137
32068,0.479,19.0,62.0,1.0,1,0.06341654306907796
8246,0.624,14.0,224.0,0.0,1,0.015302153476557945
30780,0.92,0.0,17.0,1.0,1,0.005539347425183028
21736,0.926,7.0,324.0,1.0,1,0.05016743108883781
19370,0.682,2.0,260.0,0.0,1,0.030925380613953557
29065,0.698,20.0,9.0,1.0,1,0.022130803145851252
13076,0.92,20.0,146.0,1.0,1,0.0033549183081253986
1414,0.558,5.0,141.0,0.0,1,0.03221215751832385
32951,0.91,1.0,6.0,1.0,1,0.014548652376994098
3174,0.91,9.0,324.0,0.0,1,0.0056198628319529265
31747,0.735,15.0,18.0,1.0,1,0.00392119418721526
14435,0.766,3.0,182.0,1.0,1,0.007608611004483068
2930,0.926,8.0,155.0,1.0,1,0.017631505655233526
5148,0.682,20.0,29.0,1.0,1,0.024178327896099527
17050,0.0,0.0,26.0,1.0,1,0.003569394134458559
1875,0.624,16.0,30.0,1.0,1,0.018390106695526542
17951,0.855,15.0,334.0,0.0,1,0.009051424280942522
1766,0.92,19.0,294.0,0.0,1,0.031092888463055468
18624,0.624,10.0,286.0,1.0,1,0.05947148992827245
1359,0.92,20.0,308.0,0.0,1,0.0341414197787826
30211,0.555,0.0,42.0,0.0,1,0.011026998410904931
4861,0.512,13.0,51.0,1.0,1,0.017319496453433558
2233,0.624,0.0,104.0,1.0,1,0.013690086872148677
28235,0.91,1.0,118.0,1.0,1,0.0055082131750122665
1919,0.698,4.0,334.0,0.0,1,0.06348349376386586
33220,0.754,14.0,288.0,0.0,1,0.07294377296268506
4235,0.887,16.0,212.0,1.0,1,0.05314591553595294
33332,0.64,11.0,176.0,0.0,1,0.013447265499826111
12959,0.624,0.0,218.0,1.0,1,0.054543778580767754
12964,0.624,17.0,134.0,1.0,1,0.021502722608572555
600,0.92,19.0,292.0,0.0,1,0.03402633766878682
6198,0.887,13.0,222.0,1.0,1,0.05376745277216488
19733,0.624,16.0,204.0,0.0,1,0.006107397128648495
7389,0.884,20.0,155.0,1.0,1,0.04083143095050401
11884,0.92,0.0,139.0,1.0,1,0.021178662938852177
1925,0.624,18.0,12.0,1.0,1,0.041185953764592775
443,0.698,1.0,6.0,0.0,1,0.008021027764854138
22179,0.92,7.0,262.0,1.0,1,0.026298774498505262
19236,0.527,1.0,192.0,1.0,1,0.04879938500759273
32899,0.925,6.0,270.0,1.0,1,0.05821676511329332
6706,0.624,0.0,154.0,1.0,1,0.019523511054559184
10534,0.855,17.0,316.0,0.0,1,0.01695693190747416
33157,0.516,3.0,43.0,1.0,1,0.018004688856467554
9522,0.897,2.0,145.0,1.0,1,0.003379130458311841
27110,0.802,8.0,196.0,1.0,1,0.019453047108754618
28978,0.682,20.0,0.0,1.0,1,0.006810262786312915
30093,0.855,0.0,12.0,1.0,1,0.023997421453001322
12370,0.925,2.0,192.0,1.0,1,0.023403195583524994
5041,0.804,20.0,292.0,0.0,1,0.05174420734728802
14924,0.0,1.0,278.0,0.0,1,0.03433763409978874
27375,0.624,12.0,330.0,0.0,1,0.05728561420070666
32161,0.691,13.0,254.0,0.0,1,0.04593718763190102
7118,0.666,16.0,18.0,1.0,1,0.003737340801630795
1756,0.624,12.0,326.0,0.0,1,0.07583249070130182
30703,0.926,17.0,114.0,1.0,1,0.004708090876265891
26510,0.754,15.0,152.0,1.0,1,0.015102566425105435
30593,0.92,20.0,182.0,1.0,1,0.03238497395385742
24040,0.493,6.0,15.0,1.0,1,0.0002717761976279709
8914,0.55,12.0,182.0,0.0,1,0.021470686864988098
20641,0.55,5.0,196.0,0.0,1,0.006423896112204508
3456,0.624,14.0,21.0,1.0,1,0.0019621403094236545
1478,0.92,20.0,7.0,1.0,1,0.0026287429394569184
32784,0.0,20.0,17.0,1.0,1,0.015642365507748557
22484,0.698,20.0,204.0,0.0,1,0.003805472310409286
3364,0.92,15.0,192.0,1.0,1,0.03697295130599898
20962,0.624,20.0,21.0,1.0,1,0.004916337660429315
7796,0.624,0.0,226.0,1.0,1,0.05969870986815384
4935,0.92,20.0,144.0,1.0,1,0.017875799322023433
1030,0.0,20.0,164.0,0.0,1,0.002153906113332771
2027,0.624,0.0,167.0,0.0,1,0.022191139690289297
7004,0.0,2.0,316.0,0.0,1,0.02909094577687188
4800,0.624,17.0,0.0,1.0,1,0.0025122709417640943
24066,0.624,9.0,258.0,1.0,1,0.04820588747952237
32157,0.92,18.0,116.0,1.0,1,0.01839117646379529
14604,0.624,20.0,16.0,1.0,1,0.006887106761599537
359,0.0,9.0,135.0,1.0,1,0.014480792593884906
31324,0.527,7.0,63.0,0.0,1,0.00043340009472225827
27253,0.848,1.0,290.0,0.0,1,0.046247036720868384
4940,0.855,10.0,218.0,1.0,1,0.04095636753502274
10557,0.624,9.0,218.0,1.0,1,0.028848994113294113
3557,0.92,1.0,15.0,1.0,1,0.0005792084482439952
14418,0.624,2.0,302.0,1.0,1,0.05755631456067145
5059,0.899,0.0,0.0,1.0,1,0.0015406977456384752
7692,0.55,20.0,128.0,1.0,1,0.05199925268756289
32687,0.563,0.0,43.0,1.0,1,0.01907553057711997
17409,0.624,14.0,224.0,0.0,1,0.020073020457771262
31035,0.479,2.0,39.0,0.0,1,0.02369304208662526
30022,0.92,10.0,294.0,0.0,1,0.001788649754939975
33174,0.487,5.0,92.0,0.0,1,0.04718352307288942
3588,0.939,18.0,47.0,1.0,1,0.001007347305709505
30707,0.92,20.0,314.0,0.0,1,0.006696690867180499
28955,0.92,0.0,13.0,1.0,1,0.0009503838319256941
9685,0.739,19.0,13.0,1.0,1,0.008756395643965909
3064,0.91,8.0,308.0,0.0,1,0.006844250635136606
32357,0.698,0.0,37.0,1.0,1,0.00985606166198616
10377,0.558,18.0,170.0,1.0,1,0.06284258109431995
32762,0.92,17.0,117.0,1.0,1,0.007957667998096385
2844,0.794,11.0,242.0,0.0,1,0.014104227634819555
21609,0.55,8.0,196.0,1.0,1,0.03056813079544174
5473,0.855,20.0,308.0,0.0,1,0.03428307860033353
16576,0.827,2.0,246.0,0.0,1,0.002140462302906987
14193,0.804,0.0,11.0,1.0,1,0.007457107094474891
32770,0.0,1.0,56.0,1.0,1,0.02127461315882906
22688,0.527,0.0,18.0,0.0,1,0.011275827935191107
30852,0.949,7.0,288.0,0.0,1,0.03465825803899214
20808,0.624,9.0,246.0,0.0,1,0.004264821796007068
23468,0.727,20.0,88.0,1.0,1,0.004197466594101695
24491,0.763,12.0,288.0,0.0,1,0.03907803539027044
15906,0.624,0.0,332.0,0.0,1,0.07076836463599112
6925,0.91,0.0,94.0,1.0,1,0.013169394479317087
1599,0.727,18.0,182.0,0.0,1,0.020747938621535345
24496,0.624,12.0,163.0,1.0,1,0.01015344120436279
15741,0.856,12.0,314.0,0.0,1,0.008450798638501289
14640,0.698,5.0,328.0,1.0,1,0.05828814479339062
3823,0.92,14.0,158.0,1.0,1,0.0286387912197249
16925,0.0,19.0,312.0,0.0,1,0.029080428872075514
4845,0.624,19.0,124.0,1.0,1,0.048598813854689116
32239,0.92,4.0,276.0,0.0,1,0.004891569784360894
28687,0.939,8.0,302.0,0.0,1,0.01699887455978699
3715,0.91,20.0,232.0,1.0,1,0.06197030759341404
11206,0.739,6.0,278.0,0.0,1,0.014372953111857267
27558,0.92,6.0,224.0,1.0,1,0.02270238584051576
1315,0.855,6.0,188.0,1.0,1,0.04513328883654677
186,0.722,6.0,162.0,0.0,1,0.001322675619321978
17315,0.698,9.0,282.0,0.0,1,0.028424222426389534
15819,0.754,20.0,222.0,0.0,1,0.004558289232887813
23466,0.479,6.0,113.0,1.0,1,0.0039077410882923935
30909,0.91,20.0,146.0,1.0,1,0.02993106814001445
3152,0.743,5.0,304.0,0.0,1,0.0438207737537013
24044,0.624,3.0,264.0,1.0,1,0.04539761465038872
25575,0.92,20.0,182.0,1.0,1,0.017874584080743383
29222,0.624,20.0,122.0,1.0,1,0.038414649504014076
15356,0.527,2.0,300.0,1.0,1,0.08748859100215578
30268,0.92,0.0,10.0,1.0,1,0.006856626731969517
10220,0.666,20.0,270.0,0.0,1,0.04276917242435174
30932,0.926,15.0,294.0,0.0,1,0.008475422980496972
9830,0.527,0.0,28.0,1.0,1,0.009335612173576036
11660,0.92,20.0,298.0,1.0,1,0.06245201969846714
1092,0.855,20.0,322.0,0.0,1,0.06801360321691674
25153,0.624,0.0,256.0,0.0,1,0.06341103830883221
32984,0.0,11.0,300.0,0.0,1,0.043230147418177434
33167,0.624,4.0,194.0,1.0,1,0.04777429872008032
30313,0.843,0.0,77.0,1.0,1,0.01711269548494232
1059,0.91,20.0,226.0,0.0,1,0.011103464504194527
32044,0.624,8.0,190.0,1.0,1,0.0361446333785711
18213,0.691,1.0,226.0,0.0,1,0.030621853539080313
33271,0.887,20.0,102.0,1.0,1,0.021711810890417405
7616,0.92,3.0,226.0,1.0,1,0.03098176761039584
20702,0.738,3.0,300.0,0.0,1,0.0367116070158946
5510,0.743,18.0,17.0,1.0,1,0.016616741789151956
4718,0.55,14.0,168.0,0.0,1,0.031696651763483685
31857,0.624,1.0,202.0,0.0,1,0.05480927895230614
17099,0.92,7.0,248.0,1.0,1,0.02027214629174101
13136,0.92,2.0,202.0,1.0,1,0.025039533324299645
2350,0.624,13.0,145.0,1.0,1,0.03858678160170337
27339,0.624,0.0,154.0,0.0,1,0.009825695028755965
1006,0.691,1.0,9.0,1.0,1,0.021718187441279735
32924,0.698,5.0,204.0,0.0,1,0.018819676417870523
753,0.55,7.0,23.0,0.0,1,0.0028564533973061135
31979,0.92,20.0,330.0,0.0,1,0.02877512087249734
3066,0.624,7.0,302.0,1.0,1,0.07256498310430015
4572,0.855,18.0,284.0,0.0,1,0.033954499389389214
21348,0.624,0.0,324.0,1.0,1,0.08106682995835413
2521,0.926,20.0,114.0,1.0,1,0.017939507990959336
8817,0.698,11.0,152.0,1.0,1,0.002010747563891191
21977,0.624,19.0,17.0,1.0,1,0.0066624116963728275
32294,0.92,3.0,136.0,1.0,1,0.002485880631789339
30084,0.847,0.0,40.0,1.0,1,0.013844078007840488
21430,0.624,17.0,123.0,1.0,1,0.01266967832827015
13586,0.479,0.0,50.0,0.0,1,0.01687331594100905
24024,0.624,2.0,314.0,0.0,1,0.05615338493528632
1753,0.55,10.0,284.0,0.0,1,0.07882528182532711
11457,0.926,18.0,130.0,1.0,1,0.00989055567984809
28783,0.555,20.0,158.0,1.0,1,0.07144220615433783
28317,0.448,8.0,14.0,0.0,1,0.007801879959647207
29005,0.698,14.0,180.0,1.0,1,0.039613030357674606
2634,0.698,10.0,206.0,0.0,1,0.0055859689671103885
17176,0.855,9.0,326.0,0.0,1,0.0002829403177352363
2637,0.899,4.0,310.0,0.0,1,0.011928573069766801
32330,0.698,13.0,122.0,1.0,1,0.018125918894789317
28064,0.92,20.0,156.0,1.0,1,0.013644758290386583
8763,0.754,20.0,222.0,0.0,1,0.00485301139829486
31577,0.624,4.0,190.0,1.0,1,0.0325124273507279
8866,0.682,3.0,332.0,1.0,1,0.0543525522429823
32914,0.0,2.0,12.0,1.0,1,0.00983256985710812
2141,0.624,12.0,14.0,1.0,1,0.007573437636137714
5119,0.579,3.0,268.0,0.0,1,0.055141038462093395
23680,0.555,3.0,336.0,1.0,1,0.06889018856109907
31271,0.83,6.0,304.0,0.0,1,0.026721653514239496
32678,0.563,0.0,0.0,0.0,1,0.03150993565825433
307,0.0,3.0,3.0,1.0,1,0.0009755758780602974
30329,0.624,20.0,288.0,1.0,1,0.10664562646905329
12641,0.698,7.0,306.0,0.0,1,0.02688984342666323
2775,0.698,13.0,308.0,1.0,1,0.0940840953766523
30589,0.926,16.0,196.0,1.0,1,0.030935575059895193
31331,0.896,11.0,282.0,0.0,1,0.012584948283178132
23892,0.722,4.0,212.0,1.0,1,0.03567760306735068
29016,0.624,2.0,214.0,0.0,1,0.03664214791762388
6236,0.804,0.0,142.0,1.0,1,0.03754729339164731
27623,0.55,17.0,98.0,0.0,1,0.002985476789705288
24122,0.624,18.0,284.0,0.0,1,0.0712282632535598
29163,0.843,6.0,310.0,0.0,1,0.010431314046091322
25386,0.624,15.0,204.0,1.0,1,0.050164351212462543
3822,0.92,20.0,184.0,1.0,1,0.04110680700395675
13247,0.682,1.0,292.0,1.0,1,0.0676374515312741
5632,0.493,8.0,11.0,0.0,1,0.020884883530926213
9629,0.92,14.0,166.0,1.0,1,0.009322563077011181
32290,0.887,3.0,102.0,1.0,1,0.004272104445099845
11156,0.926,12.0,322.0,0.0,1,0.0020832326174985427
31740,0.479,20.0,134.0,0.0,1,0.047859862060781855
28696,0.624,18.0,44.0,1.0,1,0.0024001148852796916
13059,0.767,9.0,206.0,1.0,1,0.026172030102561417
21753,0.624,3.0,214.0,0.0,1,0.0022312833839632784
18549,0.804,9.0,176.0,1.0,1,0.00574351179257504
12337,0.624,5.0,214.0,1.0,1,0.020390799269183968
30835,0.556,9.0,192.0,1.0,1,0.046787677515612414
32091,0.664,4.0,188.0,1.0,1,0.03525988282731318
32712,0.0,14.0,334.0,0.0,1,0.050877656012428774
14787,0.579,0.0,163.0,1.0,1,0.02761214152311109
17735,0.92,2.0,226.0,1.0,1,0.026671956138907937
9315,0.624,19.0,11.0,1.0,1,0.00790779859670454
13399,0.0,19.0,174.0,1.0,1,0.039534642800678976
9606,0.754,20.0,141.0,1.0,1,0.03589332491431674
30508,0.624,5.0,222.0,1.0,1,0.044206354777878265
16861,0.762,3.0,264.0,0.0,1,0.02445269562527519
18002,0.624,20.0,182.0,1.0,1,0.06002333410544103
1908,0.624,12.0,184.0,1.0,1,0.060780128208615336
593,0.866,17.0,10.0,1.0,1,0.01869826103596095
14752,0.624,2.0,220.0,1.0,1,0.03293812877016189
4856,0.624,20.0,108.0,1.0,1,0.04041466988510167
3915,0.899,15.0,302.0,0.0,1,0.0146937073934168
23389,0.556,20.0,27.0,1.0,1,0.027249224058740862
19410,0.624,1.0,298.0,1.0,1,0.061984856969492075
12634,0.527,14.0,114.0,1.0,1,0.021846815336195702
31649,0.74,0.0,35.0,1.0,1,0.019177641028331416
3891,0.448,4.0,31.0,0.0,1,0.01821734691190713
25796,0.624,2.0,304.0,0.0,1,0.062124030797259255
948,0.91,14.0,272.0,0.0,1,0.014786099258892071
22427,0.55,18.0,8.0,1.0,1,0.028394347761448446
29704,0.493,10.0,108.0,1.0,1,0.019678026304727703
5854,0.884,20.0,322.0,0.0,1,0.025842538536800186
2470,0.865,9.0,152.0,1.0,1,0.018443094982776853
12089,0.624,4.0,196.0,1.0,1,0.007187977621801234
32711,0.762,13.0,11.0,1.0,1,0.002217444353027176
812,0.762,19.0,31.0,1.0,1,0.030204030144115546
32342,0.691,2.0,310.0,0.0,1,0.08204266990778408
18206,0.776,2.0,324.0,0.0,1,0.038163272983494756
4776,0.448,4.0,66.0,1.0,1,0.010162284323531723
20556,0.558,1.0,234.0,0.0,1,0.053131375469825715
236,0.92,14.0,122.0,1.0,1,0.021099975856739284
4981,0.754,13.0,128.0,1.0,1,0.017920620128282994
26394,0.55,0.0,216.0,0.0,1,0.07133526236485344
24385,0.527,13.0,146.0,1.0,1,0.0408188213729751
18318,0.624,20.0,11.0,1.0,1,0.012497152613984874
13723,0.74,4.0,228.0,1.0,1,0.03390200875697469
7974,0.527,8.0,176.0,0.0,1,0.025184475137512874
28815,0.754,20.0,13.0,1.0,1,0.012240464215667046
1013,0.763,5.0,206.0,0.0,1,0.013422217982930307
22232,0.92,18.0,174.0,1.0,1,0.020349486388569926
14508,0.479,3.0,155.0,0.0,1,0.023533803063856662
6564,0.743,4.0,334.0,1.0,1,0.06961223830075913
1017,0.92,5.0,156.0,1.0,1,0.016793280619933793
31461,0.555,11.0,140.0,1.0,1,0.02620525680738972
10106,0.92,16.0,228.0,1.0,1,0.030801215215634947
17636,0.926,20.0,308.0,0.0,1,0.001496684755356359
2074,0.926,18.0,116.0,1.0,1,0.02657206598248718
29318,0.493,20.0,18.0,0.0,1,0.024236223040133398
1983,0.563,2.0,140.0,1.0,1,0.0348149762439397
944,0.624,1.0,10.0,1.0,1,0.0013290830217537186
18773,0.742,2.0,220.0,1.0,1,0.03762122582903038
26088,0.527,4.0,178.0,1.0,1,0.038639883411728304
22554,0.624,20.0,0.0,1.0,1,0.003015495534454349
23287,0.92,18.0,152.0,1.0,1,0.01169723100518727
2058,0.804,16.0,12.0,1.0,1,0.01131519369535472
21248,0.624,18.0,15.0,1.0,1,0.004403350358741731
2048,0.624,2.0,143.0,0.0,1,0.0016038273499531241
10600,0.939,14.0,334.0,1.0,1,0.0683038065946634
29846,0.479,2.0,167.0,0.0,1,0.04845702951420916
32473,0.91,20.0,4.0,1.0,1,0.003638191486013631
31454,0.848,15.0,336.0,1.0,1,0.0807985788559894
10223,0.92,5.0,200.0,1.0,1,0.015479144691902147
2771,0.624,5.0,290.0,0.0,1,0.05509219662130471
5543,0.903,6.0,178.0,1.0,1,0.02217207920945219
27893,0.624,2.0,174.0,1.0,1,0.007097627886120894
21048,0.698,0.0,198.0,0.0,1,0.017006177558262614
32935,0.74,14.0,196.0,1.0,1,0.05308377276055032
30618,0.92,1.0,6.0,1.0,1,0.0005900997172842981
502,0.884,10.0,238.0,0.0,1,0.0005699460740499207
11246,0.949,18.0,306.0,0.0,1,0.029287112818238148
20462,0.624,20.0,20.0,1.0,1,0.004604754689254031
27296,0.624,15.0,134.0,1.0,1,0.007201174094022433
9744,0.0,20.0,324.0,0.0,1,0.03133453276326681
10700,0.887,3.0,168.0,1.0,1,0.0122349960428223
29593,0.579,6.0,202.0,1.0,1,0.03636515742960267
8381,0.624,5.0,196.0,1.0,1,0.004106433494141082
13052,0.92,16.0,192.0,1.0,1,0.007890561191608803
22306,0.527,2.0,264.0,0.0,1,0.06771087388641173
32602,0.92,20.0,150.0,1.0,1,0.026843098389131015
33132,0.754,9.0,133.0,1.0,1,0.0032977342366011797
28887,0.896,5.0,210.0,1.0,1,0.04109028642624035
26588,0.926,11.0,218.0,1.0,1,0.029912571355477646
31968,0.624,6.0,210.0,0.0,1,0.035431834060262735
32656,0.897,1.0,84.0,1.0,1,0.01940181831174581
29490,0.855,4.0,140.0,1.0,1,0.004715125711338586
33227,0.624,0.0,15.0,0.0,1,0.010905995170504057
320,0.848,20.0,8.0,1.0,1,0.03495395377583743
20869,0.884,0.0,8.0,1.0,1,0.00818491666953447
962,0.527,4.0,96.0,1.0,1,0.01963855438207396
18343,0.624,10.0,180.0,1.0,1,0.0106079404366205
22864,0.743,20.0,278.0,0.0,1,0.04302253020089608
19915,0.624,10.0,264.0,0.0,1,0.020766635945848155
26257,0.92,20.0,214.0,1.0,1,0.027995437358861563
30190,0.479,20.0,40.0,0.0,1,0.023645055938475212
5063,0.92,20.0,330.0,0.0,1,0.016873711906208677
33301,0.624,14.0,268.0,1.0,1,0.10086330764136209
2304,0.83,15.0,310.0,0.0,1,0.04263241319607303
4821,0.624,9.0,314.0,1.0,1,0.06452548647508238
31956,0.727,10.0,282.0,1.0,1,0.07912165102795354
32306,0.624,14.0,14.0,1.0,1,0.010696469445590107
27200,0.754,20.0,240.0,0.0,1,0.017698305146950033
29826,0.722,0.0,24.0,1.0,1,0.0056283036625002225
2293,0.527,0.0,22.0,1.0,1,0.03912833035045171
33262,0.579,8.0,105.0,0.0,1,0.0024383098486684407
24173,0.55,0.0,158.0,0.0,1,0.0342071711182006
10695,0.624,4.0,316.0,0.0,1,0.02643903948904014
29954,0.789,4.0,308.0,1.0,1,0.061615120775156074
3184,0.91,14.0,140.0,1.0,1,0.01628506253607198
13911,0.73,4.0,326.0,0.0,1,0.032745125643570794
12925,0.55,4.0,153.0,1.0,1,0.007680471587284354
1970,0.624,15.0,12.0,1.0,1,0.023114049236414136
448,0.624,14.0,112.0,1.0,1,0.04171654598243135
2007,0.55,5.0,280.0,0.0,1,0.08386365800647688
33072,0.493,5.0,29.0,0.0,1,0.03682453175284928
14328,0.698,2.0,198.0,1.0,1,0.01504172198575282
5183,0.624,11.0,204.0,1.0,1,0.052423246947902014
6485,0.794,5.0,304.0,0.0,1,0.02056626671687345
30131,0.448,4.0,16.0,0.0,1,0.02038557945392716
2867,0.698,11.0,294.0,0.0,1,0.06164961985014972
23938,0.624,18.0,94.0,1.0,1,0.011908572109497695
31934,0.624,20.0,61.0,0.0,1,0.0013691292270940902
21316,0.55,14.0,166.0,1.0,1,0.03712161958946458
2327,0.624,17.0,42.0,1.0,1,0.015458187550766
3112,0.855,16.0,248.0,0.0,1,0.008061242934072066
21635,0.624,0.0,242.0,0.0,1,0.0034513526261962246
17588,0.926,17.0,156.0,1.0,1,0.00830739002255021
18547,0.0,0.0,5.0,1.0,1,0.011487687029634097
23769,0.558,3.0,330.0,0.0,1,0.06108047510537573
4462,0.624,15.0,166.0,0.0,1,0.002422804352891217
10486,0.448,2.0,154.0,1.0,1,0.0380737025917276
844,0.92,15.0,286.0,0.0,1,0.011502612749078378
28266,0.624,7.0,220.0,1.0,1,0.04180093074899438
33143,0.92,1.0,95.0,1.0,1,0.02200223494777709
3726,0.0,20.0,254.0,0.0,1,0.03949548282372484
19452,0.624,20.0,72.0,1.0,1,0.0024983726943963447
6215,0.92,4.0,312.0,1.0,1,0.05628363698561045
11352,0.91,20.0,150.0,1.0,1,0.01714361087920302
6937,0.802,3.0,302.0,0.0,1,0.028903496221138747
2186,0.91,20.0,248.0,0.0,1,0.006489293557956355
2235,0.878,20.0,222.0,0.0,1,0.01806454527452306
12559,0.926,3.0,334.0,0.0,1,0.0005454989460182968
18499,0.624,6.0,188.0,1.0,1,0.00023913800005814778
6580,0.55,5.0,138.0,0.0,1,0.00316983976654861
18315,0.624,2.0,304.0,0.0,1,0.04517300485061759
2158,0.698,11.0,13.0,1.0,1,0.007670134799105166
7355,0.74,5.0,326.0,0.0,1,0.027545918379395573
9909,0.92,0.0,112.0,1.0,1,0.010735368731601191
7686,0.624,3.0,270.0,1.0,1,0.04658289734212173
612,0.92,4.0,332.0,1.0,1,0.06898679883603798
2040,0.925,17.0,8.0,1.0,1,0.004708345409800141
5741,0.493,4.0,18.0,0.0,1,0.009766710265837641
14103,0.666,15.0,328.0,0.0,1,0.04798330847885657
32859,0.884,2.0,174.0,1.0,1,0.050241149235910054
31009,0.92,2.0,312.0,0.0,1,0.021349362983818843
26537,0.55,16.0,30.0,1.0,1,0.001403222423656758
18227,0.887,0.0,150.0,1.0,1,0.03285141524592472
32271,0.555,2.0,145.0,0.0,1,0.03977454003073955
33005,0.624,9.0,326.0,0.0,1,0.0766649703435216
9768,0.92,20.0,165.0,1.0,1,0.02263284049439729
33209,0.527,2.0,10.0,1.0,1,0.03258348125968913
7598,0.762,9.0,298.0,0.0,1,0.020296315399117804
3035,0.897,15.0,122.0,1.0,1,0.014109271373708654
4329,0.804,20.0,29.0,1.0,1,0.018939134438912486
15533,0.563,20.0,0.0,1.0,1,0.016567448952497288
28625,0.903,11.0,258.0,1.0,1,0.0505189505938739
12690,0.666,14.0,248.0,0.0,1,0.011884653073510165
10005,0.92,14.0,192.0,1.0,1,0.018869834717365364
13396,0.624,19.0,28.0,1.0,1,0.0005188963616314934
3102,0.897,18.0,256.0,0.0,1,0.014285678673825242
24529,0.897,19.0,314.0,0.0,1,0.018062038732719166
24390,0.558,3.0,332.0,0.0,1,0.06485991074315389
14612,0.0,4.0,320.0,1.0,1,0.055762942646725544
30946,0.624,20.0,3.0,1.0,1,0.03510632094667154
19044,0.527,6.0,250.0,1.0,1,0.06968372103776488
31107,0.92,20.0,150.0,1.0,1,0.0211987157471345
1200,0.926,20.0,108.0,1.0,1,0.019638044143962197
24736,0.527,4.0,160.0,1.0,1,0.02684100104268583
26531,0.624,0.0,330.0,1.0,1,0.0853661896206176
25898,0.624,17.0,129.0,1.0,1,0.02154242307744425
1192,0.0,1.0,3.0,1.0,1,0.02660603656737137
16896,0.92,20.0,162.0,1.0,1,0.010484460705241228
9240,0.55,10.0,158.0,0.0,1,0.0055556709709894125
30655,0.579,0.0,6.0,1.0,1,0.008804398621317544
8700,0.555,20.0,7.0,1.0,1,0.0366605297730227
1800,0.55,3.0,156.0,1.0,1,0.033780144675913615
24135,0.624,2.0,246.0,1.0,1,0.04466351749342945
1204,0.92,20.0,140.0,1.0,1,0.03161303551270078
25856,0.915,6.0,188.0,1.0,1,0.006782422980187164
28895,0.698,20.0,236.0,0.0,1,0.025497933077858193
11208,0.776,0.0,127.0,1.0,1,0.013092387169324038
16548,0.448,0.0,15.0,1.0,1,0.022612494527635363
30765,0.487,0.0,12.0,1.0,1,0.04140358766855279
12159,0.884,15.0,286.0,1.0,1,0.05776605524671907
2299,0.624,0.0,182.0,1.0,1,0.044169531412577956
29208,0.762,7.0,224.0,0.0,1,0.0011370801666300556
30218,0.512,2.0,156.0,1.0,1,0.0456296169281436
17220,0.624,7.0,270.0,1.0,1,0.05096097208744188
26084,0.624,10.0,330.0,0.0,1,0.048847931973485914
28072,0.55,5.0,146.0,1.0,1,0.005510356202714339
32476,0.92,20.0,326.0,0.0,1,0.03053281962827814
25611,0.624,2.0,180.0,1.0,1,0.010640105967630764
6443,0.698,14.0,238.0,0.0,1,0.012037096765589728
9219,0.624,2.0,264.0,0.0,1,0.031241667930376416
19062,0.682,20.0,224.0,0.0,1,0.013787949128980292
26869,0.698,7.0,192.0,1.0,1,0.01502047929661987
32716,0.92,17.0,336.0,0.0,1,0.03853265333944389
33212,0.92,20.0,161.0,1.0,1,0.03394581421788445
29661,0.92,0.0,98.0,1.0,1,0.012025141536354034
1809,0.92,5.0,194.0,1.0,1,0.02865096810007617
22721,0.91,20.0,298.0,1.0,1,0.06531640300692854
6508,0.789,19.0,18.0,1.0,1,0.004274215180461671
30744,0.92,0.0,87.0,1.0,1,0.008374421264027987
1934,0.624,7.0,151.0,1.0,1,0.013557386206560329
10566,0.624,15.0,156.0,1.0,1,0.022054750377488386
9,0.91,20.0,2.0,1.0,1,0.020909230334558493
31486,0.856,3.0,182.0,1.0,1,0.040086605827173494
28966,0.0,13.0,292.0,0.0,1,0.024135987602265985
20406,0.624,1.0,232.0,0.0,1,0.03526522655658404
33084,0.579,15.0,90.0,0.0,1,0.013414349213367038
28811,0.92,20.0,134.0,1.0,1,0.003340028531673811
26049,0.624,1.0,176.0,1.0,1,0.01521791223256197
32362,0.855,20.0,32.0,1.0,1,0.006156861674115555
1878,0.92,20.0,142.0,1.0,1,0.02815943310149316
229,0.926,14.0,9.0,1.0,1,0.004862303213775787
32454,0.92,19.0,105.0,1.0,1,0.008656563209538448
25065,0.55,4.0,192.0,0.0,1,0.01704491165557831
2012,0.767,20.0,34.0,1.0,1,0.024498989831310602
6708,0.624,5.0,172.0,1.0,1,0.0023486686970889403
30392,0.527,2.0,148.0,1.0,1,0.04038449489948137
32382,0.698,2.0,170.0,0.0,1,0.018778986065951186
3662,0.92,20.0,206.0,1.0,1,0.047692256331209326
2208,0.794,2.0,320.0,0.0,1,0.06212400382220906
6230,0.926,0.0,254.0,0.0,1,0.026941814820639398
32400,0.518,4.0,21.0,1.0,1,0.01653786244943456
32072,0.624,6.0,292.0,1.0,1,0.06970509516809931
2242,0.624,3.0,254.0,1.0,1,0.05684077301423385
1981,0.92,18.0,153.0,1.0,1,0.04502685453796418
29449,0.527,0.0,19.0,1.0,1,0.02065028953245185
22375,0.558,20.0,266.0,1.0,1,0.10103145844805372
31832,0.624,10.0,184.0,1.0,1,0.031373491769678075
15133,0.92,3.0,322.0,1.0,1,0.042940296739245265
12539,0.624,0.0,160.0,1.0,1,0.012700942335107102
12211,0.479,1.0,316.0,1.0,1,0.10228196407343992
155,0.725,5.0,190.0,0.0,1,0.011111343501023274
